id,tweet,time,description
1253584041544241152,"""Another 4.4 million Americans file for unemployment as country deals with the pandemic""  https://t.co/aa2DzBuFNg",2020-04-24 07:18:20,
1253584361485557761,RT @VoteBlueIn2020: Jared Kushner has been seizing supplies from mostly blue states and giving them to trump's donors. This is how he triesâ€¦,2020-04-24 07:19:36,
1253584494839443457,Merkel issues warning over coronavirus lockdown exit https://t.co/Vo4e7uAGtj,2020-04-24 07:20:08,"PolÃ­tica, elecciones, comunicaciones y fÃºtbol. Datos freak enthusiast. Videos de caÃ­das, mis favoritos.
29 aÃ±os."
1253583874438955008,RT @HSDRector: Such well deserved recognition by @NicolaSturgeon for @NHSTayside So proud of all the @HSofDundee parents on the front lineâ€¦,2020-04-24 07:17:40,"Educating pupils aged 3-18, the High School of Dundee is one of Scotland's leading independent schools, with a proud record of achievement and innovation"
1253584495770509312,#ForzaItalia #tuttoandrÃ bene #iorestoacasa #flattenthecurve #covid19 #savetourism #wewilltravelagain Flying to Florâ€¦ https://t.co/lXAtQU2vik,2020-04-24 07:20:08,
1253584327985623042,"@ARJUNPR39473389 @sachin_rt @CricHeroes #HappyBirthdaySachin
We love  @sachin_rt for his commitment, humility, andâ€¦ https://t.co/I0aYCy9qdw",2020-04-24 07:19:28,"Chairman - Special Olympics International Football Championship 2019. |  
President - National Youth Council of India"
1253584003979980800,How COVID-19 boosts culture of working remotely #EmployeeExperience via https://t.co/1xEnpS5Jqk https://t.co/0LXRnDxyk7,2020-04-24 07:18:11,Ğ¢Ğ Ğ•Ğ™Ğ”Ğ•Ğ  Ğ² Ğ½Ğ°Ñ‡Ğ°Ğ»Ğµ Ğ¿ÑƒÑ‚Ğ¸. ĞŸÑ€Ğ¾ Ğ´Ğ²Ğ¸Ğ¶ Ğ² Ğ½ÑÑ‚Ğµ .
1253584251640901632,"RT @XXL: Slim Thug has made a full recovery ğŸ™

https://t.co/InUDNQcYhd",2020-04-24 07:19:10,"TRILL CHILLâ„¢ â€” I eat gumbo year round. Host of #ThaChillFactoryâ„¢ DJ/Producer/Media Pro. From Lake Charles, La., former personality & content creator @107JAMZ"
1253579478363750400,"Dancing, or blamingğŸ˜‚ğŸ˜.
#
#coloredpencil #coronavÃ­rus #couple #hope #home #stayathome #art #sketch #sketchbookâ€¦ https://t.co/Pd5mRkVpeW",2020-04-24 07:00:12,"Everything is telling something about one's heart. That is Zen, Dao, Yi, Ren......"
1253584294393589768,RT @WIONews: #Gravitas | Beijing has increased its funding to the WHO and is stockpiling tonnes of crude oil and crops. @palkisu decodes thâ€¦,2020-04-24 07:19:20,"à¤°à¤¾à¤œà¤¾ à¤°à¤¾à¤µà¥€ à¤¨à¤® à¤°à¥à¤²à¤¯à¤¾ à¤°à¥‚à¤² à¤—à¤¿à¤¯à¥‹ à¤²à¥‹à¤§à¥€ à¤ªà¤ à¤¾à¤¨
à¤…à¤•à¤¬à¤° à¤¶à¤¾à¤¹ à¤¨à¥‡ à¤¨ à¤°à¥à¤²à¤¯à¤¾ à¤°à¤¾à¤£à¤¾ à¤”à¤° à¤¨à¤¿à¤°à¥à¤¬à¤¾à¤¨"
1253583874271186946,"@WHO Vaccines work, the @WHO doesn't.",2020-04-24 07:17:40,"ã€Œ é³¥å…’å”±æ­Œä¸æ˜¯å› ç‚ºå®ƒå€‘æœ‰äº†ç­”æ¡ˆï¼Œè€Œæ˜¯å› ç‚ºå®ƒå€‘æœ‰æ­Œè¦å”± ã€
'A bird doesn't sing because it has an answer, it simply sings because it has a song. '"
1253584395254071296,"RT @juliareinstein: Writing the stories of who has been lost in the pandemic has been gutting, but an honor. 

You get to know someone you'â€¦",2020-04-24 07:19:44,meh
1253584535993806848,"ğŸ‘¸ A ray of lightâš¡, A dazzle of silver, golden, pearlyğŸ“¿ ğŸ†&amp; diamond lights ğŸ’ğŸŒ âš¡in that moment of darkness.C'mon!Rise &amp;â€¦ https://t.co/6DQaafN1ti",2020-04-24 07:20:18,"Sonical, memesical,magical! Subscribe NOW!ğŸ†ğŸ¯âœŒï¸ğŸ¤˜ğŸŒœâ­âœ¨"
1253583837306724353,"RT @EnockArts: Before another night duty, I am drawing a pen #art portrait of Dr.@JaneRuth_Aceng .Together with many, she has done commendaâ€¦",2020-04-24 07:17:31,"Chicken Farmer ğŸ“ || Civil Engineering Student @kyambogou ğŸ‘· || Work hard, Be Patient, your time will come...ğŸ‘ŠğŸ’ª  
*Not all retweets are endorsements*"
1253584067242516480,"RT @CNN: Two cats in New York have been infected with the novel coronavirus, making them the first pets in the US known to be infected, fedâ€¦",2020-04-24 07:18:26,"Activist, Animal lover, Justice fighter   -     https://t.co/2s8rPu9OpE Marketing Management , CQU/Queensland , Brisbane/Australia."
1253583957133852681,"RT @MrSomtoOkonkwo: ""No President, No Vice President, No Chief Of Staff To The President. The Leadership Situation In Nigeria Today Is Notâ€¦",2020-04-24 07:18:00,
1253584159643013122,"Losing someone, during this time, sucks. You can't even say goodbye, or say ""I love you"" one last time. All you canâ€¦ https://t.co/ZTWZsmcQe9",2020-04-24 07:18:48,reality is poison
1253584444470034432,"RT @tarimanamike: Here are the numbers for ARTUZ Online School
0713436496 (whatsapp)
0773202073 (Calls). Retweet to ensure no kid is left bâ€¦",2020-04-24 07:19:56,"Registered Occupational Psychologist and Human Resources Consultant
https://t.co/F1I7j2Q6s9"
1253583904885243904,"RT @myogiadityanath: Over 93% Indians trust Hon. PM Shri @narendramodi ji will handle COVID-19 crisis well

Number of people who laid trustâ€¦",2020-04-24 07:17:48,student
1253584155801157632,"RT @CGDev: â›‘ï¸ Scale up production of medical supplies
ğŸ“‹ Investment in #globalhealth data
ğŸ¤° Support the continuity of health services &amp; moreâ€¦",2020-04-24 07:18:47,"Brixtonian humanist. CGD fellow. Fmr DFID, ICRC. Tweeting on humanitarianism, conflict, displacement. Views solely mine. RT not endorsement."
1253579440623431682,"RT @srivatsayb: Arnab's lawyer argues in SC that Arnab is in fact appealing for Peace &amp; not inciting Violence ğŸ™„

Since COVID, Arnab has
âŒCoâ€¦",2020-04-24 07:00:03,à¤œà¥‡à¤¬ à¤•à¤¤à¤°à¤¾ à¤ªà¤¾à¤•à¤¿à¤Ÿ à¤®à¤¾à¤°
1253584101136674819,RT @MRodOfficial: 'A disastrous situation': mountains of food wasted as coronavirus scrambles supply chain https://t.co/WWl3QjKjOg I was asâ€¦,2020-04-24 07:18:34,
1253584033444962305,"Tension In Rivers State, As Policeman Kills Policewoman During LockDown Enforcement https://t.co/Ch8shdq22B.â€¦ https://t.co/2m6cHlr6ai",2020-04-24 07:18:18,Blogger || Promoter For Bookings: naijaclouded22@gmail.com +2348099283258
1253584067678941184,RT @jambuc33: Half of UK health workers suffering stress because of Covid-19 https://t.co/3eqXojWlTt,2020-04-24 07:18:26,"Acute physician @lnwh_nhs, Wikipedian, Hirschian, dad. Yekke, but often late. @RCPLondon joint regional advisor NW London. Own views, no clinical advice. ğŸ‡³ğŸ‡±ğŸš²"
1253584255743070209,"CDC chief contradicts Trump on misquoting charge over virus rebound
Source: Fox News
https://t.co/1LIdjXpdFW",2020-04-24 07:19:11,"TheTop10News - world news aggregator from the most famous world media.
All world news in one place. 
Join to us."
1253584512560189441,RT @pattonoswalt: Watch to the end. This is the funniest shit Iâ€™ve ever seen. The Curb theme would actually diminish its comedic value â€” thâ€¦,2020-04-24 07:20:12,Lost soul. Not quite old as dirt. Crazy cat lady. Unapologetic fat girl. She/her.
1253584473863581696,"RT @MalacananEvents: DDS: Please stop mocking the President ğŸ¥º

Duterte: *mocks janitors and drivers* ğŸ¤ª",2020-04-24 07:20:03,Etienne Isabel â¤ï¸
1253584268737024000,RT @reebreeeb: a lockdown AND Ramadan? Do you know the potential for self-development ğŸ¤©,2020-04-24 07:19:14,
1253584164668006405,"@Radio702 @Jonoloud Yes Americans will now see how deranged this fella is, next will be a suggestion to seat in theâ€¦ https://t.co/l7QWeDTw8d",2020-04-24 07:18:49,"Emancipator of the Marginalised, Economic Freedom Fighter of the last race, Advocate for a borderless Africa,  Pan Africanist, Parliamentarian, Rotarian,Realist"
1253579499343667202,"Fingers crossed!
#covid19 https://t.co/J1wNKAaFAs",2020-04-24 07:00:17,"Forperson i @VoltDanmark - del af @VoltEuropa, det fÃ¸rste paneuropÃ¦iske parti ğŸ’œ 
#jointhechange ğŸ‘‰ vÃ¦lgererklÃ¦ring pÃ¥ https://t.co/ryEou9XdwI 
#dkpol"
1253583810941329408,Her manner exudes serenity even in uncertainty. May GOD almighty the creator of heaven and earth Numbers 6:24-26  Tâ€¦ https://t.co/IW7f8NI3Mv,2020-04-24 07:17:25,Researcher Food Scientist
1253584063908261888,"RT @brianklaas: 7 weeks ago, I wrote that this would be Trumpâ€™s Chernobyl: a moment of impending mass death that would be made far worse beâ€¦",2020-04-24 07:18:25,"Photographer, husband, father, skateboarder, snowboarder, amateur woodworker https://t.co/RZkZlHFq1e"
1253583920320389120,RT @RobHTNewt: This is a really important new report from @TheEIFoundation focusing on the virtual and remote delivery of #earlyinterventioâ€¦,2020-04-24 07:17:51,"Headteacher at Huntington School in York, England. All views are my own and do not reflect the views of my employer. Co-author of ""Putting Staff First""."
1253579444901392385,RT @Daniel_Lewis3: Here is Dr. Birx's reaction when President Trump asks his science advisor to study using UV light on the human body andâ€¦,2020-04-24 07:00:04,"ğŸ‡²ğŸ‡½ğŸ‡ºğŸ‡¸
ğŸ‘»: jazmyn_hs
ğŸ“¸: https://t.co/B83rqD7U7p"
1253579457279004672,"#Lounge #Radio #Graz Morning delight is starting now! Listen live here: https://t.co/v2grdgqZXj
Lounge music from tâ€¦ https://t.co/SI7LTudi7a",2020-04-24 07:00:07,"SoundEngineer/Boom operator. ORF TV, Servus TV. Chef de Grammophone of https://t.co/hALGan09Ie oops.already 30 years working in TVğŸ¬"
1253583975886577664,RT @Daniel_Lewis3: Here is Dr. Birx's reaction when President Trump asks his science advisor to study using UV light on the human body andâ€¦,2020-04-24 07:18:04,New York | Minimalism
1253583883569958912,RT @barriecassidy: I think to be fair what heâ€™s saying is that if you inject yourself with dettol thatâ€™ll kill you before the coronavirus dâ€¦,2020-04-24 07:17:42,"SE London bred innit, doodler, slacker, dharma bum, leader of the Frantz Fanon cult, Queens of the Stone Age fan & member of the vomit appreciation society."
1253584244569489411,"RT @alfranken: Now that studies are showing that treating Covid with #Hydroxychloroquine is dangerous and ineffective, Trump is very exciteâ€¦",2020-04-24 07:19:09,"Why write a bio my tweets let you know all you need to know. 
#200,000+ Americans Dead"
1253584079783694336,"Thanks for sharing, @barnardos. Remember - itâ€™s OK to not be OK. Everyone is finding this hard. 

So, how can we maâ€¦ https://t.co/qRoktn1sKj",2020-04-24 07:18:29,Citywide movement supported by @MayorofLondon to improve the #MentalHealth & #Wellbeing of all Londoners. #OKLDN #ZeroSuicideLDN. https://t.co/UDYOQi7Nsv
1253583908580573185,â€œThen I see the disinfectant where it knocks it out in a minute... One minute! And is there a way we can do somethiâ€¦ https://t.co/PS9zf0LDdL,2020-04-24 07:17:48,Consultant Interventional Head & Neck Radiologist LNWUH & Hon Associate Professor UCL. Views expressed are my own (or shameless retweets) | #FOAMRad
1253584386559143937,"RT @superm: #StayHomeWithSuperM Project 

#2 SuperM Movie Recommendations
Todayâ€™s Film Curator : #MARKğŸ

â¡ï¸https://t.co/4PQ31ZTCLe

#SuperMâ€¦",2020-04-24 07:19:42,"à¹€à¸›à¹‡à¸™ EXO-L @weareone L-1485 
â€¢SEHUN DOYOUNG JENO XIAOJUN MINHYUNâ€¢
 à¸£à¸±à¸à¸™à¹‰à¸­à¸‡à¹€à¸•à¸™à¸¥à¹Œà¹€à¸›à¹‡à¸™à¸à¸´à¹€à¸¨à¸© à¸¡à¸¸à¸à¹€à¸•à¸™à¸¥à¹Œà¸¢à¸·à¸™à¸«à¸™à¸¶à¹ˆà¸‡ ğŸ’š à¸à¸¥à¸´à¸à¹‚à¸à¹€à¸à¹ˆà¸‡ à¸—à¸µà¹ˆà¸ªà¸¸à¸”à¸‚à¸­à¸‡à¹à¸ˆà¸£à¸¶à¸™ 
à¸£à¸±à¸à¹€à¸”à¸·à¸­à¸™ 8 à¸—à¸µà¹ˆà¸ªà¸¸à¸”à¹ƒà¸™à¹‚à¸¥à¸"
1253584235669012481,RT @DonaldJTrumpJr: After the pandemic passes and we can fire up our economic engine Iâ€™m truly looking forward to watching @realDonaldTrumpâ€¦,2020-04-24 07:19:06,For God and Country
1253583887814533121,"RT @TheStrokeAssoc: Stroke still strikes every five minutes.

As the Coronavirus crisis continues, our income is falling &amp; so is our abilitâ€¦",2020-04-24 07:17:43,
1253584276702089217,"RT @bollywood_life: #BiggBoss13: #ShehnaazGillâ€™s free-spirited pictures amidst lockdown will cheer you up 
https://t.co/dSD4aZGwKx",2020-04-24 07:19:16,Supporter of #ShehnaazGill #Shehnaazians
1253584512748945408,RT @nikhilraaz000: @INCIndia @rssurjewala 30% jamati and 70% @OfficeofUT are responsible for spread of China virus in Maharashtra  https://â€¦,2020-04-24 07:20:12,Nation first.....
1253583866129838080,"RT @MSNBC: Rep. Porter on the need for remote voting amid coronavirus pandemic: â€œCongress is calling on all kinds of nonprofits, public schâ€¦",2020-04-24 07:17:38,
1253583975236415488,"RT @Data_finest: Just lost my job due to corona virus outbreak.

Looking to change career to Data Science sector. DM for details. 

Would wâ€¦",2020-04-24 07:18:04,graphic designer & web magician(developer) in the making ||@twnty20clan
1253584411615887360,"RT @PoliticusSarah: Rachel @maddow : â€œBarring some kind of miracle, the U.S. death toll is going to hit 50,000 by this weekend. Easy. But Iâ€¦",2020-04-24 07:19:48,"Resistance Grandma wants better for 5 g-kids
Mueller quote: â€œIf we had had confidence that the president clearly did not commit a crime, we would have said so.â€"
1253584051832840194,RT @Fuomatic9: Thank you BroğŸ™ŒğŸ¼,2020-04-24 07:18:23,#football #dancing @wizkid @olamide #reading #politics @manutd
1253584041808293888,RT @richardbolisay: The problem with this WAR language and rhetoric being used with the pandemic is killings and deaths are being normaliseâ€¦,2020-04-24 07:18:20,heal the nation â€¢ serve the people #DefendAncestralLands #DefendPressFreedom #HealthForAll #JunkTerrorLaw #MassTestingNowPH
1253584088298147845,Why? Please sir can you give me a good reason why they should add an extra 2week... https://t.co/MAXIfUpyx8,2020-04-24 07:18:31,"My heart is yours lord Jesus too u I rest on@your son OLUWATIMILEYIN CROWN, In Jesus I remain blessedğŸ™ğŸ™ğŸ™ thank you Jesus..."
1253584662569594880,RT @mswendyt: I suspect in the next couple of weeks weâ€™ll be the ones begging Govt for a harsher lockdown.,2020-04-24 07:20:48,A man is not finished when he is defeated. He is finished when he quits.â€“Richard Nixon
1253584860419166210,"RT @dispatchug: As #Rwanda strives to prevent further spread of #COVID19, the Judiciary has resumed court operations, though online

Harissâ€¦",2020-04-24 07:21:35,Explore Kigali â€¢|â€¢ The Ultimate Guide for Living and Loving Kigali Life ğŸ‡·ğŸ‡¼
1253584818803216386,RT @Daniel_Lewis3: Here is Dr. Birx's reaction when President Trump asks his science advisor to study using UV light on the human body andâ€¦,2020-04-24 07:21:25,"One time/sometime columnist for WHU's no1 fanzine OLAS. From Barking,Romford & Canvey to the Merrie City. Billy Bonds Stand. Come on you Irons!"
1253584880623071232,RT @hollyj0nes: shoutout to us blonde girls who are gonna be coming out of lockdown a brunette with the length of our roots - weâ€™re all inâ€¦,2020-04-24 07:21:40,SC: waylucie
1253584877376679945,"RT @casmirtheking: Girl : Hi babe
Me : Hi sweetie, how are you?
Girl : I'm not fineâ˜¹ï¸.. I have not seen my period since I got back from schâ€¦",2020-04-24 07:21:39,"I Love #Realmadrid ..let's care for one another #Depression is real let's look out for each other,#DMW

#HappyBirthdayUbywills
BackUpAcccount  @herowilson1"
1253585045127913472,"RT BitcoinMagazine: Bitcoin Magazine is proud to support #CryptoCOVID19 virtual poker tournament. 

Last week we raâ€¦ https://t.co/JpWrT9erBF",2020-04-24 07:22:19,IT Technical Specialist
1253584817893015552,"RT @SantanSinghNeg2: Our sincere gratitude to everyone, who are consistently &amp; patiently working round the clock, fighting the Coronavirus.â€¦",2020-04-24 07:21:25,Ashish
1253584617837178883,"RT @superm: #StayHomeWithSuperM Project 

#2 SuperM Movie Recommendations
Todayâ€™s Film Curator : #MARKğŸ

â¡ï¸https://t.co/4PQ31ZTCLe

#SuperMâ€¦",2020-04-24 07:20:38,ğŸ¤ğ‘ºğ‘¬ğ‘¯ğ‘¼ğ‘µ ì—‘ì†ŒğŸ¤ ğŸ’šğ‘±ğ‘¨ğ‘¬ğ‘¯ğ’€ğ‘¼ğ‘µ ğ‘±ğ‘¼ğ‘µğ‘®ğ‘¾ğ‘¶ğ‘¶ ğ’€ğ‘¨ğ‘µğ‘®ğ’€ğ‘¨ğ‘µğ‘® ğ‘ºğ‘¼ğ‘µğ‘®ğ‘ªğ‘¯ğ‘¨ğ‘µ ì—”ì‹œí‹° ğŸ’šğŸ’ğ‘¯ğ‘¨ğ‘¹ğ‘¼ğ‘»ğ‘¶ ğ‘±ğ‘¼ğ‘µğ‘²ğ’€ğ‘¼ íŠ¸ë ˆì €ğŸ’ ğŸ’–âœ¨ğŸ€ğŸ‘ğŸŒˆ
1253585175390195714,"RT @MGMotorIn: Brighter days will surely come. Till then, we have to go the extra mile, stay at home and overcome this challenge.
Join theâ€¦",2020-04-24 07:22:50,
1253589586607058945,"RT @Craig_A_Spencer: Well, itâ€™s started. 

Instead of being asked about how we improve our #COVID19 response in the coming months, doctorsâ€¦",2020-04-24 07:40:22,Tweeting and RTing stuff of interest. RTs do not imply agreement.
1253584885362700288,@JackParryJones2 @RichardEGrant Weâ€™re not saying lighter fluid is a cure for Corona either kids.,2020-04-24 07:21:41,You donâ€™t want me as your doctor @UHWCriticalCare @EmrtsWales @air_ambulance Human Factors to minimise patient harm ğŸƒâ€â™‚ï¸ğŸš´ğŸ»â€â™‚ï¸ğŸƒâ€â™‚ï¸â˜•ï¸ relapsed chocoholic
1253585002907877377,"RT @superm: #StayHomeWithSuperM Project 

#2 SuperM Movie Recommendations
Todayâ€™s Film Curator : #MARKğŸ

â¡ï¸https://t.co/4PQ31ZTCLe

#SuperMâ€¦",2020-04-24 07:22:09,à¸£à¸²à¸¢à¸Šà¸·à¹ˆà¸­à¹€à¸—à¸à¸à¸£à¸°à¹€à¸ˆà¹‰à¸²23à¸„à¸™à¹à¸—à¸­à¸´à¸¥à¸ˆà¸­à¸«à¹Œà¸™à¸™à¸µà¹ˆà¹à¸—à¸¢à¸‡à¸¢à¸¹à¸•à¸°à¸„à¸¸à¸™à¹‚à¸”à¸¢à¸­à¸‡à¹€à¸•à¸™à¸¥à¹Œà¹à¸ˆà¸®à¸¢à¸­à¸™à¸§à¸´à¸™à¸§à¸´à¸™à¸ˆà¸­à¸‡à¸­à¸¹à¸¥à¸¹à¸„à¸±à¸ªà¸¡à¸²à¸£à¹Œà¸„à¹€à¸‹à¸µà¸¢à¸§à¸ˆà¸§à¸´à¹‰à¸™à¹€à¸®à¸™à¹€à¸”à¸­à¸£à¸µà¹ˆà¹€à¸«à¸£à¸´à¸™à¸ˆà¸§à¸´à¹‰à¸™à¹€à¸ˆà¹‚à¸™à¹ˆà¹à¸®à¸Šà¸²à¸™à¹à¸ˆà¸¡à¸´à¸™à¸«à¸¢à¸²à¸‡à¸«à¸¢à¸²à¸‡à¹‚à¸Šà¸—à¸²à¹‚à¸£à¹ˆà¸‹à¸­à¸‡à¸Šà¸²à¸™à¹€à¸‰à¸´à¸™à¹€à¸¥à¹ˆà¸­à¸ˆà¸µà¸‹à¸­à¸‡
1253585108310900736,"RT @eugenegu: Clorox, Tide Pods, and Lysol will kill the coronavirus. No question about it. But if you are infected, then the coronavirus iâ€¦",2020-04-24 07:22:34,
1253584750872113152,So far they apprehended 65 lockdown violators in Sampaloc. Itâ€™s only for two days that they are being locked down aâ€¦ https://t.co/beuw8WckyC,2020-04-24 07:21:09,keeping it real and simple
1253584880983846912,"RT @carolecadwalla: Maybe @nytimes is now reporting this, itâ€™ll finally be recognised for the national scandal it is

https://t.co/LUl5R5GJâ€¦",2020-04-24 07:21:40,"WEAR A MASK
Test. Trace. Isolate.
GET THE FLU VACCINE."
1253584890450325504,RT @ArakanLighter: Refugees from the IDP camps in Arakan State are praying for the Burma people to stay home so that they do not get infectâ€¦,2020-04-24 07:21:43,
1253584587357224960,kabagot!! extended lockdown ğŸ˜©ğŸ˜©,2020-04-24 07:20:30,
1253589651236851717,"RT @Cold_Peace_: View from top Russian microbiologist: Wuhan lab spent years on coronavirus variants ""to study their pathogenicity. They diâ€¦",2020-04-24 07:40:38,"Technical Analysis | Non - Discretionary Trading (#CL, #GC, #FX, #Nifty, #BankNifty) | I believe Simplicity is Complex | Anything can and will happen."
1253584750578593792,"RT @briantylercohen: Fresh off of touting the failed hydroxychloroquine treatment, Trump is now promoting injecting coronavirus patients wiâ€¦",2020-04-24 07:21:09,"Full time nerd, part time fantasy creature, all the time nice guy, sometimes a bit NSFW and big on hugging. He/him. Say hi! AD account available on request!"
1253584952907706368,@pathogenomenick The new Scottish Lockdown game appears to be hire a van and drive the M8 motorway at 130mph (our limit is 70!),2020-04-24 07:21:57,Core Research Scientist @RoslinPRNP #Neuropathogenesis #Scrapie #Prion #TSE #Neuroscience #Immunology #InfectiousDiseases #BSE #CWD #Neuropathology #Glia He/Him
1253584788478406657,US Banks See Record $1 Trillion Deposit in Q1 on Recession Fears Amid COVID-19 â€“Â Reports https://t.co/RG3Tycpbh7 https://t.co/Y3iAOr56QJ,2020-04-24 07:21:18,#ThePakistanPost or #TPPNews Features #Breaking and #Important #News From #Pakistan #World #Health #Sports #Entertainment #SciTech & #Business Communities.
1253585061682741248,RT @joshtpm: After hearing presentation President Trump suggests irradiating people's bodies with UV light or injecting them with bleach orâ€¦,2020-04-24 07:22:23,
1253589675396259840,Actually live footage of @realDonaldTrump 's light attacking #Covid19. https://t.co/ujSVIeVh3P,2020-04-24 07:40:43,"Why Aye, I'm just a poor workin' class Lib CON Demonicratic boy like!

I will say anything for cash. 

I'm a parody, the others just Parroty."
1253584940974759936,RT @hoyeengurl: Me at the first restaurant I step into after this lockdown ğŸ˜Œ https://t.co/HHijc5VAJ7,2020-04-24 07:21:55,
1253584680395259904,"RT @superm: #StayHomeWithSuperM Project 

#2 SuperM Movie Recommendations
Todayâ€™s Film Curator : #MARKğŸ

â¡ï¸https://t.co/4PQ31ZTCLe

#SuperMâ€¦",2020-04-24 07:20:52,- - â€”Â Â  ğŸ•ŠÂ â€ â€˜  @NCTsmtown  â™¡ê™¼Ìˆ à¿ à¿” - - - - - - - -  #selective âš ï¸ 00l ê’±ËšË‘à¼„Ø˜
1253584789161951232,"RT @gagan_arora1: Here's some more love from team #iQOO!
Introducing new price for #iQOO3 starting at INR 34,990

We are absorbing the receâ€¦",2020-04-24 07:21:18,getting better every day !!
1253585171498106881,"RT @ShamikaRavi: #DailyUpdate #Covid19India 
While India is still in the growth phase of this pandemic, the speed is slowing considerably.â€¦",2020-04-24 07:22:50,knowledge is power !!!!!
1253589654881927168,RT @coscardio: #CancelTheContract Non-COVID patients left in limbo. Chaos reigns. Empty hospital beds costing â‚¬115 million per month. Officâ€¦,2020-04-24 07:40:38,Practitioner of the dark arts (Radiologist)
1253585069802840065,"RT @VidyaKrishnan: 1. Ms @kiranshaw has called our report (which simply compares India's testing costs with other S.Asian nations) as ""skewâ€¦",2020-04-24 07:22:25,Builds stuff on the web - Loves Open Source - Mumbaikar
1253584714142793728,"RT @RoyalAirForce: The RAF would like to thank the NHS, key workers and everyone else involved in the fight against COVID-19.

#ClapForOurCâ€¦",2020-04-24 07:21:00,Official Twitter account of NATO - the North Atlantic Treaty Organization. #NATO #WeAreNATO
1253589646270795776,"RT @MikeQuindazzi: The spread of #COVID19 may delay #5G deployments, yet #SocialDistancing may sooner justify the ROI for bandwidth &gt;&gt;&gt; @NRâ€¦",2020-04-24 07:40:36,#ICT analysis: #5G #6G #AI #AIoT #AssetTracking #Cybersecurity #DataAnalytics #EdgeComputing #IIoT #PrivateWireless #Robotics #SDWAN and #SmartCities
1253585098999582720,"RT @SFdirewolf: ""People with disabilities have been in perpetual quarantine long before COVID-19. Thatâ€™s right! While youâ€™re drowning in aâ€¦",2020-04-24 07:22:32,
1253584630449491968,"@Shreevijay007 #HappyBirthdaySachin
We love  @sachin_rt for his commitment, humility, and cricket.

Now, Team Indiaâ€¦ https://t.co/2bTbyODslK",2020-04-24 07:20:41,"Chairman - Special Olympics International Football Championship 2019. |  
President - National Youth Council of India"
1253584985845628929,RT @goodbeanalt: ok good. PHEWW! anybody else relieved about this? because of how much sex you have. thatâ€™s why Iâ€™m relieved at least. loveâ€¦,2020-04-24 07:22:05,ğŸ’˜
1253589603539464192,RT @hoyeengurl: Me at the first restaurant I step into after this lockdown ğŸ˜Œ https://t.co/HHijc5VAJ7,2020-04-24 07:40:26,I cry a lot watching romance anime                      ESTS ğŸ“ Tecnologia BiomÃ©dica
1253584839716069378,"@danielhenrywood As this service isn't fully tracked we're unable to say where your item is, or when it will arriveâ€¦ https://t.co/rXLqYNmArJ",2020-04-24 07:21:30,The official Twitter account for Royal Mail Customer Service. Here to help Mon-Fri 8am-6pm. Follow @RoyalMail for the latest news.
1253584713274572802,"RT @jaynordlinger: All ""dunking"" aside, this is a rather amazing film --a document of an era.",2020-04-24 07:21:00,
1253584914030538754,"RT @superm: #StayHomeWithSuperM Project 

#2 SuperM Movie Recommendations
Todayâ€™s Film Curator : #MARKğŸ

â¡ï¸https://t.co/4PQ31ZTCLe

#SuperMâ€¦",2020-04-24 07:21:48,NEO GOT MY BACK | I SEE THE VISION | WE ARE THE FUTURE
1253584905700872199,Someone please add music to this video. It deserves music https://t.co/ENVg6YMPnl,2020-04-24 07:21:46,I really just want to science in peace. #Transformist
1253589536925528064,"RT @londonhf: LHF is a #Covid19 support funder!
This recognises that the covid-19 outbreak is an exceptional event that will have an impactâ€¦",2020-04-24 07:40:10,"Social Entrepreneur, Advocate for Change, Creative Thinker in homelessness, youth and social care. Area Manager for progressive homeless charity and GDPR expert"
1253585145585491968,@training8m Beware on #SecondWave - lesson learned from Singapore having zero on #COVID19 but all that sudden become #Asean epicenter,2020-04-24 07:22:43,"Infrastructures Economics :
Foresight & Scenario with Cognitive Intelligence
Data driven - let data talk & track
Mathematician independent analysis"
1253584708933505025,You're really doing too much now.  Hydroxychloroquine had no effect on seriously ill coronavirus patients in New Yoâ€¦ https://t.co/VMjRutMUxK,2020-04-24 07:20:59,
1253584659750940672,RT @Hyundai_Global: Get the chance to win exclusive #HyundaixBTS postcards and posters! Join our #DarkSelfieChallenge for upcoming #EarthDaâ€¦,2020-04-24 07:20:48,ğ‘ğ‘’ğ‘§ğ‘–_ğ‘Ÿğ‘ğ‘–ğ‘› ğŸ’œì•„ë¯¸ğŸ’šëª¨ì•„ğŸ’™ì• ê¸°ğŸ§¡ ğ’‚ ğ’‰ğ’–ğ’ğ’‚ğ’ ğ’ğ’˜ğ’ğ’” ğ’•ğ’‰ğ’Šğ’” ğ’‚ğ’„ğ’„; ğ’‚ ğ’‰ğ’–ğ’ğ’ğ’“ğ’ğ’†ğ’”ğ’” ğ’—ğ’Šğ’“ğ’•ğ’–ğ’ğ’”ğ’ğŸ¥€ ğŸ¯ğ•¥ğ•’ğ•–ğ•œğ• ğ• ğ•œğŸ°ğ•ªğ•–ğ• ğ•Ÿğ•“ğ•šğ•ŸğŸ¦Š ğŸŒˆ
1253585170218835968,Masked Hong Kong students take final school exams after coronavirus delay #jakpost https://t.co/R5WE0gFbvP,2020-04-24 07:22:49,Always bold. Always independent
1253584709352906754,RT @parkercaruana: JUST WATCH CHIEF MEDICAL OFFICERS FACE AS TRUMP EXPLAINS AS DETTOL KILLS 99% O GERMS SWALLOWING IT COULD KILL CORONA VIRâ€¦,2020-04-24 07:20:59,Daddy to Sophie. Falkirk season ticket holder & Football Manager researcher. P&B lurker Giro. Responsible for Mark Kerr's worldwide fame..
1253585036156309504,"RT @Davis_Hammet: Heavily armed bros are harassing nurses at the Kansas Statehouse. 
#COVID19
#ksleg https://t.co/AoBoWJ0hml",2020-04-24 07:22:17,Democrat. ğŸ˜· Vote Biden 2020.  MJHegar for US Senate TX . Early voting starts in TX Oct. 13.
1253584588359774210,"RT @Independent: PPE supplies from Turkey 'only enough to last a few hours,' report says https://t.co/6Vg2JbOR41",2020-04-24 07:20:30,
1253585036927877120,"State Rep. Karen Whitsett, D-Detroit, broke protocol by meeting with Trump and VP Mike Pence during an April 14 meeâ€¦ https://t.co/FF6IOLLpEu",2020-04-24 07:22:17,News and current events from an #ADOS perspective. Subscribe on YouTube in the link below.
1253584948751003649,"RT @taladorei: with everyone on lockdown, the lime scooters are finally returning to the river. nature is healing, we are the virus. https:â€¦",2020-04-24 07:21:56,6sonic9
1253584756333215751,"The winner for most bizarre shortage of 2020 is Afghanistan, where a rumor about a mustachioed newborn advising theâ€¦ https://t.co/fU7cIMTwC4",2020-04-24 07:21:11,"Balanced News, Fearless Views. Updates on and from the Philippines. Smartphone https://t.co/ieH6fpzwvJ Tablet https://t.co/hmKh0Rr0QZ Chat https://t.co/Cvl0FeXobL"
1253585040476381184,RT @parkercaruana: JUST WATCH CHIEF MEDICAL OFFICERS FACE AS TRUMP EXPLAINS AS DETTOL KILLS 99% O GERMS SWALLOWING IT COULD KILL CORONA VIRâ€¦,2020-04-24 07:22:18,"Lib Dem candidate for Bristol City Council for Redland, May 2021. Biomedical Scientist and Medical writer. Humanist. Liberal. I ask a lot of questions"
1253585157874806786,RT @Jkylebass: Bad respirators are TYPICAL from china. #DecoupleChina is the smartest LT path for the West.The Murderous Chinese governmentâ€¦,2020-04-24 07:22:46,
1253584830077509637,"Step dad, Hargrove killed 16-year-old Deâ€™onte Robert For Flouting Stay-AtÂ Home-Order https://t.co/qRC1NMjeIK https://t.co/A63RUQYC9N",2020-04-24 07:21:28,
1253584805247188992,RT @chuckwoolery: I truly believe we will look back on this pandemic and say What Have We Done To Ourselves?,2020-04-24 07:21:22,
1253584730769014784,"RT @Hyundai_Global: Help the planet from home! With Hyundai, I'm taking part in the #DarkSelfieChallenge. Turn all the lights off and takeâ€¦",2020-04-24 07:21:04,"(fan account)

ğŸ’œ"
1253585149100544001,@CAMSVISUALART fr ğŸ’€ğŸ’€ and the coronavirus memes!!  I deadass had no idea what was going on...lmfao look at us now ğŸ˜”,2020-04-24 07:22:44,
1253584741502197760,"#AndhraPradesh reports 62 new #COVID19 positive cases. 27 in Kurnool.
#COVID19 @businessline https://t.co/ShNxZDY98I",2020-04-24 07:21:07,"Journalism, IT, Startups, Agri, Literature.
Research Scholar (Journalism & Mass Comm). Views strictly personal."
1253584567300063233,RT @Daniel_Lewis3: Here is Dr. Birx's reaction when President Trump asks his science advisor to study using UV light on the human body andâ€¦,2020-04-24 07:20:25,"OS ecosystem strategist, operational expert, purple/gold blood type, passionate pastured commercial farmer, global traveler and foodie."
1253589914450563072,"RT @UN: Shutting down immunization services due to #COVID19 could trigger a resurgence of dangerous, but preventable diseases. 

@WHO is woâ€¦",2020-04-24 07:41:40,"Dad, husband, lawyer & UN Official(views are my own & don't necessarily reflect those of the UN). My RTs not endorsement but merely show of interest in subject."
1253590250384916480,"Follow my blog, link in bio.

#quotes#amitrajquotes#quotesoftheday#quoteslove#quotestagram#quotestag,â€¦ https://t.co/ClkGdu6ZFW",2020-04-24 07:43:00,"#Indian #Railway #employee #writer #blogger
à¤¸à¤šà¤¿à¤µ- à¤¬à¤¦à¤²à¤¾à¤µ à¤¸à¤‚à¤—à¤ à¤¨

All #poems/quotes are my creation.(Copyright protected)
Instagram: amitraj191"
1253590162652762112,RT @AndrewSperling: Insight into prisons policy during the pandemic. More prisoners have died from Covid-19 than have been released under tâ€¦,2020-04-24 07:42:40,"Irish criminologist abroad @CriminologySpa @BathSpaUni Prisons, mental health, restorative, problem solving and therapeutic justice. Tweets are personal."
1253589855860396032,RT @Daniel_Lewis3: Here is Dr. Birx's reaction when President Trump asks his science advisor to study using UV light on the human body andâ€¦,2020-04-24 07:41:26,#NotToday
1253589931827572736,Felt obliged to say this yesterday. Glad I did today. https://t.co/Ns6nvexMgC,2020-04-24 07:41:44,"Does resilience, performance and coaching stuff. Writes about resilience & leadership. Charity Board Member. Mental health advocate. Co-founder @resiliencedevco"
1253590104213295104,RT @JaiveerShergill: Good example of Nation(s) standing by its stranded citizens in this hour -pray for speedy evacuation of Indian Touristâ€¦,2020-04-24 07:42:26,"Born pilot, father to smart son and husband to beautiful pilot. Strong believer of Congress party."
1253590563850518528,RT @hughbon: Today Iâ€™m going to spend some time considering whether injecting Covid-19 patients with disinfectant might cure them. Right. Dâ€¦,2020-04-24 07:44:15,"Personalised luggage tags, veteran/serving Reservist @londonregiment owned business. Ads and own views from an eclectic and enquiring mind."
1253589770896199682,The picture of a career flashing before her eyes. https://t.co/JOGLnk8ot2,2020-04-24 07:41:06,
1253589890329186304,"RT @gelles: German Chancellor Angela Merkel: 
""Nobody likes to hear this but it is the truth. We are not living through the final phase ofâ€¦",2020-04-24 07:41:35,"DIGITAL ARTÂ°
BloggerğŸŒÂ°
Digital MarketingÂ°
Brand Ambassador @chicnyc Â°
ActivistÂ° @amnesty
God Lover.
Email: ebimenesapele@gmail.com"
1253590552278372356,@prayingmedic The Wuhan virus is exposing all of them!!,2020-04-24 07:44:12,"GOD,Country,daughter,son,mom make up my life.God bless Pres Trump,R Military,Vets,WoundedWarriors&GenFlynn followed by@GenFlynn#MAGA#KAGA"
1253590588630405120,Britain is testing the vaccine against Covid-19 #CoronavirusCOVID19 #UK #Vaccines https://t.co/uv6DcSrqSa https://t.co/taNmVPBT4m,2020-04-24 07:44:21,"Human Rights activist | Founder, publisher @NewsObservatory, @VOP_Today, https://t.co/UMuN9U2LKl, Financial Analyst @InvestAcad | Editor @OrdoNews"
1253590115710107648,"RT @ReutersBiz: Virgin Australia owes $4.4 billion, to seek aircraft lease waivers -administrator https://t.co/I3AALuQxg9 https://t.co/ILsdâ€¦",2020-04-24 07:42:28,Read the script. Headed to the Moon. #Lunaryear ğŸ™…ğŸ¿â€â™‚ï¸Â®ï¸ğŸ…¿ï¸ ğŸ‚ğŸƒğŸ¿â€â™‚ï¸ğŸ‡­ğŸ‡¹
1253590086903463936,"RT @RCDefense: DoD Plans to Dispatch Blue Angels, Thunderbirds in COVID Response | @DanLamothe @washingtonpost https://t.co/OlExK9d92i",2020-04-24 07:42:21,"***** ASYMPTOMATIC CARRIERS of COVID-19 are like LOADED GUNS with their SILENCERS screwed on!!!

ğŸ˜±ğŸ˜±ğŸ˜±ğŸ˜‚ğŸ˜‚ğŸ˜‚ğŸ˜‚ğŸ˜‚ğŸ˜‚ *****"
1253589804551270401,@JustisLadi @NBCNews you're an idiot. 14-year-olds couldn't care less about covid19 https://t.co/0Up1qRg6PD,2020-04-24 07:41:14,"Stop lying, people. Zip it if you donâ€™t think you can be truthful"
1253589927008374787,"@ReutersUK 6,700 cases have been reported from Philippines | 462 deaths

Latest updates | # cases per million populâ€¦ https://t.co/YMHRhO8lsl",2020-04-24 07:41:43,"World's largest thematic maps website, Maps store & Custom mapping. 100 Essential Infographics About Global Issues - https://t.co/yfstvv7VJD #worldmap"
1253589835295666176,"RT @NYinLA2121: Letâ€™s discuss Joe Bidenâ€™s mental state but I heard that if I took a hydroxychloriqune pill, chased it with Clorox while sitâ€¦",2020-04-24 07:41:21,Ex-GOP. Proud to support our troops & first responders. Love politics & 1A. Believe media keeps us free. #NeverTrump #Resist #Resistance #NotMyPresident
1253589746946838529,RT @brentisoccer13: niggas out here reading the glicktionary ?,2020-04-24 07:41:00,â€¢IG - @NoBrainSaneâ€¢ Creative Director. Creator of @OnlySaucie    ğŸ´ tâ€™noD edaF ooT tsaF ğŸ´
1253589901808930816,"Governance is hard, it is hard for a buffoon smh https://t.co/cJLBjN2Hlc",2020-04-24 07:41:37,Nigerian expat in LondonğŸ˜ğŸ˜ğŸ˜
1253590350356189186,"RT @TheRickyDavila: Today, the worst President of the United States of America told his cult that they can cure Coronavirus by injecting thâ€¦",2020-04-24 07:43:24,A coffee-loving introverted extrovert ğŸŒ»â˜•ï¸
1253590119401086977,"RT @sandraHouldswor: @ghost_wales This is disgusting, 1. Government not responsible for Covid 2. It is their job and will be exposed to anyâ€¦",2020-04-24 07:42:29,"Married to an Englishman but proud to be https://t.co/QQAV6F3vEP dog. Ex Job. Retired, Pro Brexit. Hate EU . Love dogs. No DMs unless I know you, WILL BLOCK.ğŸ˜¡"
1253590085984899072,RT @markbeomnyoung: Please don't crowd the boys. Please don't shove your phones in their faces. The world is experiencing a pandemic and weâ€¦,2020-04-24 07:42:21,
1253590527687094273,"RT @PinkvillaTelly: #DivyankaTripathi, #SiddharthShukla, #ShehnaazGill and other TV stars meet during lockdown but there's a twist- https:/â€¦",2020-04-24 07:44:07,https://t.co/tagzcCMjVx
1253589939952013312,"RT @seanhannity: Pelosi Rubs Runny Nose, Smears Bare Hands All Over House Podium While Discussing Coronavirus https://t.co/ab1arWg4SK",2020-04-24 07:41:46,
1253589897258074112,RT @Riteshcongress: Modi Govt. Could not provide sufficient PPE for Doctors &amp; Nurses to fight against #Corona besides only #Tali_Thali &amp; #Dâ€¦,2020-04-24 07:41:36,
1253589729649455106,"New Deals Available Best Price  Of IP's In The Market 
Contact Us: https://t.co/fTzD4xalPG
Visit:â€¦ https://t.co/MH1pfRRtPX",2020-04-24 07:40:56,"Facilitator And Broker For IPv4 & IPv6
Mail us at contact@ipv4.deals"
1253589952937357312,@imtapas99 @IndiaPostOffice Go Digital: Now store all your postal and courier records forever @â€¦ https://t.co/CtIH6K77HH,2020-04-24 07:41:50,"Postal & Courier Service at your doorstep for Ind. & Bus. Send Anything and Anywhere, Anytime. #PostOffice #IndiaPost #Courier. Customer Support  @ePostBookCare"
1253590141383454720,Oh that's kinda cool.. During Nigeria and Biafra civil war 1967 till the end of the w...that was one of the best diâ€¦ https://t.co/3pskPSJHwA,2020-04-24 07:42:34,Entrepreneur/Songwriter/Fashion Designer/Artist/Freedom Fighter. unfaithful and cruel being more toxic than Coronavirus..#single&searching4lover#
1253590460448288768,RT @shashwatkickass: Saw this man's Facebook profile where he replaced the Ashok Chakra in our National Flag with the depiction of what's lâ€¦,2020-04-24 07:43:51,"CSS Web Developer | Blogger

                                                            Memes, Current affairs, NewsğŸ“"
1253590045187084290,"RT @PatrickKingsley: Orbanâ€™s ally in neighbouring Slovenia, @JJansaSDS, takes an Orban-like approach to one of Sloveniaâ€™s highest-profile iâ€¦",2020-04-24 07:42:12,Investigative journalist | @ICIJorg & @EICnetwork | Among @RSF_inter 30 Coronavirus Information Heroes | DW Freedom of Speech Award 2020 | ğŸ–‹ï¸ for @NewsNacional
1253589834922328064,"As scary as z simulation was, under z guise of public good, what was more scary&amp;sinister for me was z presence of Câ€¦ https://t.co/xgIbCQxXmq",2020-04-24 07:41:21,Tweets are personal RTs are not endorsments.
1253590111175839746,RT @stridinstrider: My dad is spending his 66th birthday today caring for those in the hospital suffering from COVID19. I couldn't be moreâ€¦,2020-04-24 07:42:27,
1253589737983508480,"RT @MichaelSpring17: Libs always want to belittle our teachers. Morrison, Dutton and Gladys up to no good today with their spiteful attacksâ€¦",2020-04-24 07:40:58,"Love of animals, enjoying retirement, dislike politicians who lie and abuse their position and power."
1253589767943528449,DO NOT TRY THIS AT HOME....ğŸ˜³ https://t.co/qJUpUsiqbJ,2020-04-24 07:41:05,"Founder of Kennedy PR+Brand consultancy in Dublin, IRL. ckennedy@kennedyprandbrand.ie"
1253590061242896384,New song pays homage to COVID-19 heroes â€“Â Gossipmantri https://t.co/KF5nEbauxH https://t.co/XBGUCAtzTc,2020-04-24 07:42:15,"At Gossip Mantri, our motto is to bring you the latest news under one roof. We try to ensure that our news articles are factually correct"
1253590368026853376,Robotic dog is helping medical staff remotely treat coronavirus https://t.co/AltvPRm6DJ,2020-04-24 07:43:28,Check out our 3 new books at https://t.co/ZCm2tBZeds! World's 1st bitcoin endowment fund at https://t.co/F6Tlv1LrUm. Programs at https://t.co/26Ut4IM9Fl.
1253590317938307072,RT @rallyforrivers: Rural communities paralyzed by the pandemic face the threat of starvation. Isha volunteers are racing against time to râ€¦,2020-04-24 07:43:17,"Regular Yoga Practitioner and Seeker.
I believe in Equal Opportunities.
Mother Tongue must be protected."
1253590275181744128,RT @GWalker9: A recovery &amp; a revolt: thank you #NHS from Niall Murphy...&amp; fears lockdown is breaking down: tomorrowâ€™s front page from @BelTâ€¦,2020-04-24 07:43:06,BBC NI News & Current Affairs Radio Producer & Broadcast Journalist.Mother of two.Elvis fan.All views my own.
1253590149813829635,"RT @sardesairajdeep: Migrant labour on road: RW IT cells silent; job losses grow,RW IT cells silent; biz shutting down: RW IT cells silent;â€¦",2020-04-24 07:42:36,
1253589991109918720,RT @Carbongate: Does anyone know personally anyone who has had coronavirus?,2020-04-24 07:41:59,just a cranky old white guy with zero white guilt
1253590468044247041,â€œListen to the experts. And please donâ€™t drink disinfectant.â€ https://t.co/1SuSuHffUF,2020-04-24 07:43:52,"TV/film composer, Teenage Fanclub drummer, ""Hamilton Mausoleum Suite"" 26/1/18 ""Solemn beauty"" â˜…â˜…â˜…â˜… MOJO https://t.co/9km7TgeR4t Blog: https://t.co/siDit3ojPY"
1253590463975546880,RT @thechosenonepr: Want to see more lucky plays like this? https://t.co/jndg37aazA also 4 followers away from 100. Come thru I play with vâ€¦,2020-04-24 07:43:51,"Hey, Need Professional video editing or logo design and animation? DM and lets discuss! Fiverr Profile - https://t.co/hX87drmI7i"
1253590262770741248,"I have a suspicion this may be filed in the same UK Government shoebox as ""Branson... Richard""? https://t.co/GmVbcS0E6E",2020-04-24 07:43:03,"Cruel but caring Daddy to @candiekitten69 (& others) needing strict control, severe training but most of all loving security in a daddy's enveloping arms.ğŸ˜ "
1253590224925589504,RT @HeerJeet: This is the president of a country that sent humans to the moon and brought them back to earth safely.,2020-04-24 07:42:54,Earthling and owner of two knees (one dodgy). Chartered building surveyor by day and often found in angst over The ArsenalğŸ—
1253589893902675968,"RT @im_didi_ka_bhai: What Bengal thinks today, India thinks tomorrow.  Mamata Banerjee proved the saying again. Free treatment for COVID-19â€¦",2020-04-24 07:41:35,"Let the Silence Speak......
Let us always meet each other withÂ smile

https://t.co/bFx9o4tCxg
I'm on Instagram as @navneet_0770. Install the"
1253590538541989888,"RT @MsNkiruNistoran: Because, they know that, all the COVID-19 figures coming from Nigeria is fake.

Maybe this is why Buhari imposed lock-â€¦",2020-04-24 07:44:09,
1253590073284714496,"Number of #covid19 deaths in #usa increasing.
Massive amount of lay offs.
Oil crashing.
Huge economic problems.

Buâ€¦ https://t.co/lbAqOvVhhb",2020-04-24 07:42:18,Everything I say is financial advice.
1253590362897158144,@GMB @benshephard @MattHancock My wife's cousin died this week after running a temperature for 2 weeks (aged 59). Tâ€¦ https://t.co/lEcWJ1YKOz,2020-04-24 07:43:27,"#BlackLivesMatter

'A people that elect corrupt politicians, imposters, thieves and traitors are not victims, but accomplices.'"
1253590103454355456,RT @SimonJGreenhill: https://t.co/QHP4uuZmjE #corona virus explained in your #language. https://t.co/5sZu8qcsHX,2020-04-24 07:42:25,"Director of Language Development Dept at MPI Nijmegen. Tweets on language, science and education. She/her."
1253590380261658624,"@afuahirsch @guardianopinion Afua, you say ""there is now an undeniable movement blaming ethnic minority people forâ€¦ https://t.co/1lzhalKemG",2020-04-24 07:43:31,I write content. I teach English. I live in Croydon town. âœï¸ ğŸ’ª ğŸ¾ ğŸ‡¬ğŸ‡§ #selfemployed #copywriter #contentwriter #Englishcoach #gooner #forests #Marseille
1253590048408309765,"RT @RSSorg: Rashtriya Swayamsevak Sangh COVID-19 seva till 17 April 2020 :
Places served : 45,481
Dedicated Volunteers : 2,57,690
Ration kiâ€¦",2020-04-24 07:42:12,"Socio/Cultural Voluntary Org. Dedicated to Cultural,Social,Academic & Spiritual  Development of Bharat through Sutras of Sampark,Sahyog,Sanskaar,Seva& Samarpan"
1253590325563703296,"RT @raoult_didier: New online pre-print :
Combination of hydroxychloroquine plus azithromycin as potential treatment for COVID 19 patients:â€¦",2020-04-24 07:43:18,#sophiatattoo Sophia / Make-Up N'Tattoo sophia.tattoo@live.fr https://t.co/1b35u28RUR.comb
1253590568493441030,RT @brianthehuman: the crisis has inspired many architects &amp; designers to develop exciting new concepts for a post-Covid world... check outâ€¦,2020-04-24 07:44:16,"Presenter of Snoozebutton, 10am Sundays on Three D Radio 93.7fm. I should be talking music, but I'm mostly retweeting quietly from behind a hedge."
1253590481058971649,"RT @iamjeonkookie_: @Barber_Edward_ We got ur back dodong! Stay Safe at Home ğŸ™ğŸ»

#MayWard",2020-04-24 07:43:55,My loyalty is  on Honest people.. ğŸ˜ğŸ˜ğŸ˜ğŸ˜
1253590254403100672,Medical experts denounce Trump's latest 'dangerous' suggestion to treat Covid-19. Sounds like he has been got at byâ€¦ https://t.co/21fkGvrNyY,2020-04-24 07:43:01,
1253590304793530369,"RT @dustieboots: Social distancing, Day 30: Life slowly morphing into the worldâ€™s lamest version of I Am Legend.",2020-04-24 07:43:13,Vagittarius â€¢ Your girl calls me MamÃ­ â€¢ Fitness â€¢ BğŸ–¤ â€¢ Starset
1253590362842517504,"RT @hvgoenka: My Learnings from ##COVID:

1. The first loser can be ultimate winner- China
2. Life is fragile, handle with care
3. Rich areâ€¦",2020-04-24 07:43:27,
1253589894129233920,Many thanks to @AFR_UK for funding our research into a new test that specifically detects and quantifies active andâ€¦ https://t.co/Fs5B9aUI3b,2020-04-24 07:41:35,Professor of Molecular Genetics interested in the genomics of ageing and chronic disease. @Team_RNA. #Exetermed. Age should be just a number. Views my own.
1253590518937903104,"RT @itvnews: UK gives mass round of applause for key coronavirus workers #ClapForOurCarers #ClapForTheNHS

More here: https://t.co/KIgbpBn2â€¦",2020-04-24 07:44:04,"Iâ€™m no one special but Iâ€™m always the side of downtrodden power less and helpless love animals and the environment,love the people who making things better.â¤ï¸"
1253590467494793216,"RT @jayrosen_nyu: ""Trump rarely attends the task force meetings that precede the briefings, and he typically does not prepare before he steâ€¦",2020-04-24 07:43:52,"Politics, Football, Gaming, Pets, and Animal Welfare. That's about the extent of my timeline!"
1253589725803233284,"RT @SDHamiltonVIC: Clever &amp; Tricky?

Notice how specific/narrow the CMO is in his words about children &amp; schools &amp; Covid19.

He is not sayiâ€¦",2020-04-24 07:40:55,"""I can hear you through the whine""

Feminist | atheist | expat | nervous migrant | 
Respectfully on unceded Gundungurra land
#BlackLivesMatter
#BidenHarris2020"
1253590778837950464,"RT @DCI_Kenya: Today, as we start the holy month of Ramadhan amidst the crisis of Corona virus, We pray that we may find comfort and reassuâ€¦",2020-04-24 07:45:06,Father| PR & Communications | @AsmaliMedia|#FiriFestivalEastleigh| Matters Eastleigh | @LFC | Humanity First||
1253590740149719041,"@PinkyPonk4 Heâ€™s been working throughout this whole pandemic though. Plus, some of the schools and shops are openinâ€¦ https://t.co/EPA6FXDIE7",2020-04-24 07:44:57,ADHD â˜… // Multi fandom // Qualified Mom Friend // Always ready to fight // @Hopeworldseokie is my soulmate // She/Her
1253590732893573121,Oh my. At this rate Joe will be able to walk straight into the White House in November as all Donaldâ€™s supporters wâ€¦ https://t.co/moVuStM8ZL,2020-04-24 07:44:55,I help people to get a computer to do what they want it to do.
1253590829362528256,"Just bought for 99p on kindle, bargain lockdown treat https://t.co/z3xhinPEtq",2020-04-24 07:45:18,reborn â— lived â— live â— will die â— Â« sabbasattÄ bhavantu sukhitattÄ Â» â— may all beings be well â—
1253590807996780549,RT @cypphysiopthb: Please have a look on the website where you can find all the contact details for the Paediatric and 14+ physiotherapy teâ€¦,2020-04-24 07:45:13,Chartered Society of Physiotherapy in Wales. Cymdeithas Siartredig Ffisiotherapi yng Ngymru. Supported by Wales Board. Wediâ€™i gefnogi gan Bwrdd Cymru
1253590811989721088,Brilliant - Parks and Recreation cast returning for coronavirus one-off special https://t.co/5cy0JHw5z2 via @MetroUK,2020-04-24 07:45:14,Not sure what I am doing but I have very strong instincts
1253590719895425024,"RT @MarkkuPeltonen: Use of care and mortality due to corona in Finland, Sweden, Norway, Denmark, Iceland and Estonia; data from yesterday 2â€¦",2020-04-24 07:44:52,"Global health, Health security, Global social policy, Human rights, Gender equality. Nerd. Opinions my own. @MSAH_News @STM_Uutiset @WghFinland"
1253590652824190977,RT @LogicalHindu_: Waah bechare .,2020-04-24 07:44:36,|| MetalHead ||
1253590761548976129,RT @nowthisnews: Do not listen to your president. Do not inject any coronavirus patients with disinfectant. https://t.co/E1lkI0nhEL,2020-04-24 07:45:02,
